indicator,type,observed_at,tags,confidence
http://secure-paypal-login.xyz/verify/account.php,url,2026-09-18T00:00:00Z,"phishing,credential",0.88
http://micros0ft-verify.top/login/update.php,url,2026-09-15T00:00:00Z,"phishing,credential",0.88
http://account-update-bank.tk/webscr/signin,url,2026-09-16T00:00:00Z,"phishing,credential",0.88
secure-paypal-login.xyz,domain,2026-09-16T00:00:00Z,"phishing,credential",0.86
micros0ft-verify.top,domain,2026-09-19T00:00:00Z,"phishing,credential",0.86
account-update-bank.tk,domain,2026-09-17T00:00:00Z,"phishing,credential",0.86
http://paypal-login30.ml/webscr,url,2026-09-05T00:00:00Z,"phishing,credential",0.84
http://netflix-update24.tk/webscr,url,2026-09-09T00:00:00Z,"phishing,credential",0.84
http://chase-update52.tk/signin,url,2026-09-04T00:00:00Z,"phishing,credential",0.84
http://chase-verify62.ml/verify,url,2026-09-14T00:00:00Z,"phishing,credential",0.84
http://dhl-secure51.cf/webscr,url,2026-09-02T00:00:00Z,"phishing,credential",0.84
http://hsbc-update56.tk/signin,url,2026-09-09T00:00:00Z,"phishing,credential",0.84
http://chase-login79.cf/verify,url,2026-09-16T00:00:00Z,"phishing,credential",0.84
http://amazon-verify30.ml/verify,url,2026-09-14T00:00:00Z,"phishing,credential",0.84
http://chase-update29.ml/signin,url,2026-09-04T00:00:00Z,"phishing,credential",0.84
http://netflix-login81.tk/webscr,url,2026-09-16T00:00:00Z,"phishing,credential",0.84
http://apple-verify25.cf/webscr,url,2026-09-06T00:00:00Z,"phishing,credential",0.84
http://chase-login5.tk/signin,url,2026-09-12T00:00:00Z,"phishing,credential",0.84
